<?xml version="1.0" encoding="UTF-8" standalone="no"?>
<window xmlns="http://jmix.io/schema/ui/window"
        caption="msg://taskEdit.caption"
        focusComponent="form">
    <data>
        <instance id="taskDc"
                  class="com.company.jmix_drill.entity.Task">
            <fetchPlan extends="_base">
                <property name="assignee" fetchPlan="_base"/>
                <property name="project" fetchPlan="_base"/>
            </fetchPlan>
            <loader/>
        </instance>
    </data>
    <facets>
        <dataLoadCoordinator auto="true"/>
        <screenSettings id="settingsFacet" auto="true"/>
    </facets>
    <actions>
        <action id="windowCommitAndClose" caption="msg:///actions.Ok"
                icon="EDITOR_OK"
                primary="true"
                shortcut="${COMMIT_SHORTCUT}"/>
        <action id="windowClose"
                caption="msg:///actions.Close"
                icon="EDITOR_CANCEL"/>
    </actions>
    <dialogMode height="600"
                width="800"/>
    <layout spacing="true" expand="editActions">
        <form id="form" dataContainer="taskDc">
            <column width="350px">
                <textField id="nameField" property="name"/>
                <entityPicker id="assigneeField" property="assignee">
                    <actions>
                        <action id="entityLookup" type="entity_lookup"/>
                        <action id="entityClear" type="entity_clear"/>
                    </actions>
                </entityPicker>
                <dateField id="startDateField" property="startDate"/>
                <textField id="estimatedEffortsField" property="estimatedEfforts"/>
                <entityPicker id="projectField" property="project">
                    <actions>
                        <action id="entityLookup" type="entity_lookup"/>
                        <action id="entityClear" type="entity_clear"/>
                    </actions>
                </entityPicker>
            </column>
        </form>
        <hbox id="editActions" spacing="true">
            <button id="commitAndCloseBtn" action="windowCommitAndClose"/>
            <button id="closeBtn" action="windowClose"/>
        </hbox>
    </layout>
</window>
