<?xml version="1.0" encoding="UTF-8"?>
<databaseChangeLog
        xmlns="http://www.liquibase.org/xml/ns/dbchangelog"
        xmlns:xsi="http://www.w3.org/2001/XMLSchema-instance"
        xsi:schemaLocation="http://www.liquibase.org/xml/ns/dbchangelog
                      http://www.liquibase.org/xml/ns/dbchangelog/dbchangelog-4.11.xsd"
        objectQuotingStrategy="QUOTE_ONLY_RESERVED_WORDS">
    <changeSet id="1" author="JMIX_Drill">
        <createTable tableName="TIME_ENTRY">
            <column name="ID" type="UUID">
                <constraints nullable="false" primaryKey="true" primaryKeyName="PK_TIME_ENTRY"/>
            </column>
            <column name="TASK_ID" type="UUID">
                <constraints nullable="false"/>
            </column>
            <column name="TIME_SPENT" type="INT">
                <constraints nullable="false"/>
            </column>
            <column name="ENTRY_DATE" type="DATETIME">
                <constraints nullable="false"/>
            </column>
            <column name="ASSIGNEE_ID" type="UUID">
                <constraints nullable="false"/>
            </column>
            <column name="DESCRIPTION" type="CLOB"/>
        </createTable>
    </changeSet>
    <changeSet id="2" author="JMIX_Drill">
        <createIndex indexName="IDX_TIME_ENTRY_ASSIGNEE" tableName="TIME_ENTRY">
            <column name="ASSIGNEE_ID"/>
        </createIndex>

        <addForeignKeyConstraint baseColumnNames="ASSIGNEE_ID" baseTableName="TIME_ENTRY"
                                 constraintName="FK_TIME_ENTRY_ON_ASSIGNEE" referencedColumnNames="ID"
                                 referencedTableName="USER_"/>
    </changeSet>
    <changeSet id="3" author="JMIX_Drill">
        <createIndex indexName="IDX_TIME_ENTRY_TASK" tableName="TIME_ENTRY">
            <column name="TASK_ID"/>
        </createIndex>

        <addForeignKeyConstraint baseColumnNames="TASK_ID" baseTableName="TIME_ENTRY"
                                 constraintName="FK_TIME_ENTRY_ON_TASK" referencedColumnNames="ID"
                                 referencedTableName="TASK_"/>
    </changeSet>
</databaseChangeLog>