<?xml version="1.0" encoding="UTF-8" standalone="no"?>
<window xmlns="http://jmix.io/schema/ui/window"
        caption="msg://timeEntryEdit.caption"
        focusComponent="form">
    <data>
        <instance id="timeEntryDc"
                  class="com.company.jmix_drill.entity.TimeEntry">
            <fetchPlan extends="_base">
                <property name="task" fetchPlan="_base"/>
                <property name="assignee" fetchPlan="_base"/>
            </fetchPlan>
            <loader/>
        </instance>
    </data>
    <facets>
        <dataLoadCoordinator auto="true"/>
        <screenSettings id="settingsFacet" auto="true"/>
    </facets>
    <actions>
        <action id="windowCommitAndClose" caption="msg:///actions.Ok"
                icon="EDITOR_OK"
                primary="true"
                shortcut="${COMMIT_SHORTCUT}"/>
        <action id="windowClose"
                caption="msg:///actions.Close"
                icon="EDITOR_CANCEL"/>
    </actions>
    <dialogMode height="600"
                width="800"/>
    <layout spacing="true" expand="editActions">
        <form id="form" dataContainer="timeEntryDc">
            <column width="350px">
                <entityPicker id="taskField" property="task">
                    <actions>
                        <action id="entityLookup" type="entity_lookup"/>
                        <action id="entityClear" type="entity_clear"/>
                    </actions>
                </entityPicker>
                <textField id="timeSpentField" property="timeSpent"/>
                <dateField id="entryDateField" property="entryDate"/>
                <entityPicker id="assigneeField" property="assignee">
                    <actions>
                        <action id="entityLookup" type="entity_lookup"/>
                        <action id="entityClear" type="entity_clear"/>
                    </actions>
                </entityPicker>
                <textArea id="descriptionField" property="description" rows="5"/>
            </column>
        </form>
        <hbox id="editActions" spacing="true">
            <button id="commitAndCloseBtn" action="windowCommitAndClose"/>
            <button id="closeBtn" action="windowClose"/>
        </hbox>
    </layout>
</window>
