<?xml version="1.0" encoding="UTF-8" standalone="no"?>
<menu-config xmlns="http://jmix.io/schema/ui/menu">

    <menu id="application" caption="msg://com.company.jmix_drill/menu.application" insertBefore="administration">
        <item screen="User.browse" caption="msg://com.company.jmix_drill.screen.user/UserBrowse.caption"/>
        <item screen="themeSettingsScreen" caption="msg://io.jmix.ui.app.themesettings/themeSettings.caption"/>
        <item screen="Project.browse" caption="msg://com.company.jmix_drill.screen.project/projectBrowse.menu"/>
        <item screen="Task_.browse" caption="msg://com.company.jmix_drill.screen.task/taskBrowse.menu"/>
        <item screen="TimeEntry.browse" caption="msg://com.company.jmix_drill.screen.timeentry/timeEntryBrowse.menu"/>
        <item screen="ProjectStat.browse"
              caption="msg://com.company.jmix_drill.screen.projectstat/projectStatBrowse.menu"/>
    </menu>

</menu-config>